instant,dteday,season,yr,mnth,weekday,workingday,weathersit,temp,hum,windspeed,leaflets,price reduction,casual,registered,cnt
154,2011-06-03,2.0,0,6,5,1.0,1.0,24.8,53.12505,0.253121,991.0,0.0,898.0,4414.0,5312.0
685,2012-11-15,4.0,1,11,4,1.0,2.0,12.8667,93.06255,0.1529869999999999,601.0,0.0,320.0,5125.0,5445.0
368,2012-01-03,1.0,1,1,2,1.0,1.0,6.0,66.1875,0.365671,549.0,0.0,89.0,2147.0,2236.0
472,2012-04-16,2.0,1,4,1,0.0,1.0,26.5667,84.25005,0.284829,740.0,0.0,1198.0,5172.0,6370.0
442,2012-03-17,1.0,1,3,6,0.0,2.0,20.5667,113.37495,0.110704,773.0,1.0,3155.0,4681.0,7836.0
257,2011-09-14,3.0,0,9,3,1.0,1.0,26.9333,104.56245,0.1673,761.0,0.0,647.0,4138.0,4785.0
413,2012-02-17,1.0,1,2,5,1.0,1.0,13.7333,84.1551970890411,0.205846,877.0,1.0,349.0,3805.0,4154.0
643,2012-10-04,4.0,1,10,4,1.0,2.0,26.3,108.43755,0.117546,479.0,0.0,891.0,6437.0,7328.0
274,2011-10-01,4.0,0,10,6,0.0,2.0,16.4,113.0625,0.292296,628.0,0.0,480.0,1949.0,2429.0
129,2011-05-09,2.0,0,5,1,1.0,1.0,21.3,88.3125,0.176,838.0,0.0,664.0,3698.0,4362.0
175,2011-06-24,2.0,0,6,5,1.0,1.0,28.9667,85.99995,0.222025,779.0,0.0,969.0,4022.0,4991.0
213,2011-08-01,3.0,0,8,1,1.0,1.0,30.8667,84.1551970890411,0.156717,533.0,0.0,729.0,3537.0,4266.0
533,2012-06-16,2.0,1,6,6,0.0,1.0,25.2667,75.62505,0.166667,932.0,0.0,2963.0,4739.0,7702.0
590,2012-08-12,3.0,1,8,0,0.0,1.0,28.0333,79.56255,0.122512,513.0,0.0,2182.0,4362.0,6544.0
221,2011-08-09,3.0,0,8,2,1.0,1.0,31.0,85.56255,0.151121,464.0,0.0,907.0,3695.0,4602.0
269,2011-09-26,3.0,0,9,1,1.0,2.0,25.9667,127.24995,0.1107,495.0,1.0,684.0,3946.0,4630.0
417,2012-02-21,1.0,1,2,2,1.0,1.0,11.513,89.1522,0.205717,587.0,0.0,163.0,3614.0,3777.0
30,2011-01-30,1.0,0,1,0,0.0,1.0,8.6609,108.3261,0.0739826,548.0,0.0,140.0,956.0,1096.0
565,2012-07-18,3.0,1,7,3,1.0,1.0,31.7333,86.56245,0.137442,977.0,0.0,10799.0,4914.0,15713.0
594,2012-08-16,3.0,1,8,4,1.0,1.0,28.7667,77.87505,0.141796,755.0,0.0,1338.0,6267.0,7605.0
135,2011-05-15,2.0,0,5,0,0.0,2.0,22.5,130.06245,0.152979,1024.0,0.0,1582.0,2971.0,4553.0
425,2012-02-29,1.0,1,2,3,1.0,2.0,13.7739,120.71745,0.179117,629.0,0.0,65.0,1769.0,1834.0
227,2011-08-15,3.0,0,8,1,1.0,1.0,26.6333,106.81245,0.208954,815.0,0.0,775.0,3563.0,4338.0
502,2012-05-16,2.0,1,5,3,1.0,1.0,25.4667,104.68755,0.122512,588.0,0.0,991.0,6433.0,7424.0
524,2012-06-07,2.0,1,6,4,1.0,1.0,24.1,84.1551970890411,0.15735,537.0,0.0,1038.0,6456.0,7494.0
188,2011-07-07,3.0,0,7,4,1.0,1.0,30.0,84.1551970890411,0.1592,723.0,0.0,10754.0,3838.0,14592.0
9,2011-01-09,1.0,0,1,0,0.0,1.0,5.5333,65.12505,0.36195,836.0,0.0,54.0,768.0,822.0
378,2012-01-13,1.0,1,1,5,1.0,1.0,10.9667,76.125,0.378108,911.0,0.0,174.0,3040.0,3214.0
722,2012-12-22,4.0,1,12,6,0.0,1.0,10.6333,66.1875,0.407346,572.0,0.0,205.0,1544.0,1749.0
4,2011-01-04,1.0,0,1,2,1.0,1.0,8.0,88.56525,0.160296,734.0,0.0,108.0,1454.0,1562.0
557,2012-07-10,3.0,1,7,2,1.0,2.0,28.8333,100.125,0.1517369999999999,516.0,1.0,10954.0,5336.0,16290.0
144,2011-05-24,2.0,0,5,2,1.0,2.0,26.4,111.12495,0.207092,829.0,0.0,659.0,3833.0,4492.0
481,2012-04-25,2.0,1,4,3,1.0,1.0,19.0667,64.18755,0.118792,636.0,0.0,655.0,5541.0,6196.0
578,2012-07-31,3.0,1,7,2,1.0,1.0,28.5333,105.62505,0.165425,864.0,0.0,10968.0,6248.0,17216.0
564,2012-07-17,3.0,1,7,2,1.0,1.0,32.7333,75.87495,0.114429,809.0,0.0,10921.0,5865.0,16786.0
683,2012-11-13,4.0,1,11,2,1.0,2.0,13.7333,99.43755,0.342046,542.0,0.0,327.0,3767.0,4094.0
699,2012-11-29,4.0,1,11,4,1.0,1.0,11.2348,83.3478,0.115522,509.0,0.0,243.0,5080.0,5323.0
637,2012-09-28,3.0,1,9,5,1.0,2.0,24.7667,103.5,0.164179,658.0,0.0,1045.0,6370.0,7415.0
548,2012-07-01,3.0,1,7,0,0.0,1.0,32.6333,84.1551970890411,0.1685289999999999,860.0,1.0,11421.0,4110.0,15531.0
261,2011-09-18,3.0,0,9,0,0.0,1.0,20.3,104.25,0.178483,750.0,1.0,1353.0,2921.0,4274.0
626,2012-09-17,3.0,1,9,1,1.0,2.0,23.2333,110.18745,0.151742,848.0,0.0,1022.0,5847.0,6869.0
681,2012-11-11,4.0,1,11,0,0.0,1.0,16.8333,98.87505,0.1275,783.0,0.0,2290.0,4562.0,6852.0
397,2012-02-01,1.0,1,2,3,1.0,1.0,18.7667,76.18755,0.189067,787.0,0.0,304.0,4275.0,4579.0
8,2011-01-08,1.0,0,1,6,0.0,2.0,6.6,80.37495,0.266804,990.0,0.0,68.0,891.0,959.0
354,2011-12-20,4.0,0,12,2,1.0,2.0,15.4333,89.31255,0.0615708,867.0,1.0,216.0,3534.0,3750.0
304,2011-10-31,4.0,0,10,1,1.0,1.0,13.6,105.49995,0.10635,720.0,0.0,362.0,3307.0,3669.0
597,2012-08-19,3.0,1,8,0,0.0,2.0,25.4333,109.3109709375,0.08645,540.0,0.0,1208.0,3341.0,4549.0
464,2012-04-08,2.0,1,4,0,0.0,1.0,20.0,41.37495,0.232596,557.0,1.0,2230.0,2939.0,5169.0
119,2011-04-29,2.0,0,4,5,1.0,1.0,20.4,68.56245,0.240063,911.0,1.0,878.0,3717.0,4595.0
132,2011-05-12,2.0,0,5,4,1.0,1.0,21.4,84.1551970890411,0.189667,983.0,0.0,695.0,4169.0,4864.0
562,2012-07-15,3.0,1,7,0,0.0,1.0,29.8333,107.68755,0.166667,690.0,1.0,11920.0,4111.0,16031.0
441,2012-03-16,1.0,1,3,5,1.0,2.0,17.4333,126.31245,0.113192,585.0,0.0,548.0,3830.0,4378.0
608,2012-08-30,3.0,1,8,4,1.0,1.0,28.2667,88.56255,0.0771167,592.0,0.0,1172.0,6541.0,7713.0
163,2011-06-12,2.0,0,6,0,0.0,1.0,27.7,112.18755,0.163567,495.0,0.0,1467.0,2993.0,4460.0
44,2011-02-13,1.0,0,2,0,0.0,1.0,12.6609,68.60865,0.260883,686.0,1.0,397.0,1192.0,1589.0
367,2012-01-02,1.0,1,1,1,0.0,1.0,10.9217,57.1956,0.329665,989.0,0.0,244.0,1707.0,1951.0
529,2012-06-12,2.0,1,6,2,1.0,2.0,26.1333,124.99995,0.214546,777.0,0.0,477.0,4495.0,4972.0
669,2012-10-30,4.0,1,10,2,1.0,2.0,12.7273,123.81825,0.213009,846.0,0.0,87.0,1009.0,1096.0
321,2011-11-17,4.0,0,11,4,1.0,2.0,13.6667,86.37495,0.3053619999999999,532.0,0.0,139.0,2914.0,3053.0
232,2011-08-20,3.0,0,8,6,0.0,1.0,27.9,101.12505,0.104467,675.0,0.0,1914.0,3277.0,5191.0
702,2012-12-02,4.0,1,12,0,0.0,2.0,13.9,123.49995,0.1243789999999999,702.0,0.0,892.0,3757.0,4649.0
303,2011-10-30,4.0,0,10,0,0.0,1.0,12.7667,93.5625,0.176617,787.0,0.0,885.0,2446.0,3331.0
514,2012-05-28,2.0,1,5,1,0.0,1.0,28.5,101.4375,0.196521,506.0,0.0,2557.0,3486.0,6043.0
501,2012-05-15,2.0,1,5,2,1.0,2.0,24.4667,119.18745,0.147392,779.0,0.0,625.0,4490.0,5115.0
401,2012-02-05,1.0,1,2,0,0.0,2.0,10.6333,103.18755,0.175996,769.0,0.0,318.0,2629.0,2947.0
341,2011-12-07,4.0,0,12,3,1.0,3.0,16.4,133.17871153846153,0.266175,586.0,1.0,50.0,655.0,705.0
277,2011-10-04,4.0,0,10,2,1.0,1.0,19.3667,106.5,0.205854,819.0,0.0,486.0,3970.0,4456.0
408,2012-02-12,1.0,1,2,0,0.0,1.0,5.1,69.68745,0.4092119999999999,644.0,0.0,73.0,1456.0,1529.0
682,2012-11-12,4.0,1,11,1,0.0,1.0,19.4,111.25005,0.173517,793.0,0.0,1097.0,5172.0,6269.0
206,2011-07-25,3.0,0,7,1,1.0,1.0,29.7333,113.56245,0.0908083,474.0,0.0,10568.0,3272.0,13840.0
190,2011-07-09,3.0,0,7,6,0.0,1.0,29.3333,91.37505,0.1679119999999999,755.0,0.0,11988.0,3348.0,15336.0
202,2011-07-21,3.0,0,7,4,1.0,2.0,32.6,103.6875,0.222021,788.0,0.0,10632.0,3152.0,13784.0
620,2012-09-11,3.0,1,9,2,1.0,1.0,23.1,78.0,0.0920541999999999,469.0,0.0,1070.0,6697.0,7767.0
100,2011-04-10,2.0,0,4,0,0.0,2.0,17.0667,128.625,0.146767,661.0,0.0,1188.0,1707.0,2895.0
312,2011-11-08,4.0,0,11,2,1.0,1.0,16.3333,108.25005,0.0690375,686.0,0.0,376.0,3829.0,4205.0
554,2012-07-07,3.0,1,7,6,0.0,1.0,34.4667,73.81245,0.163554,834.0,0.0,11448.0,3392.0,14840.0
208,2011-07-27,3.0,0,7,3,1.0,1.0,31.0,60.43755,0.183463,654.0,0.0,10755.0,3901.0,14656.0
661,2012-10-22,4.0,1,10,1,1.0,1.0,19.5,85.24995,0.0814833,599.0,0.0,830.0,6228.0,7058.0
162,2011-06-11,2.0,0,6,6,0.0,1.0,29.0,98.18745,0.15485,841.0,0.0,1729.0,3237.0,4966.0
316,2011-11-12,4.0,0,11,6,0.0,1.0,14.2667,82.93755,0.212062,598.0,0.0,1275.0,2792.0,4067.0
353,2011-12-19,4.0,0,12,1,1.0,1.0,11.0667,95.625,0.172896,703.0,0.0,260.0,3143.0,3403.0
726,2012-12-26,4.0,1,12,3,1.0,3.0,9.7333,123.49995,0.316546,701.0,0.0,9.0,432.0,441.0
654,2012-10-15,4.0,1,10,1,1.0,2.0,22.4667,109.3109709375,0.296037,598.0,0.0,760.0,5115.0,5875.0
599,2012-08-21,3.0,1,8,2,1.0,1.0,25.9667,101.0625,0.0727708,964.0,0.0,1081.0,5925.0,7006.0
680,2012-11-10,4.0,1,11,6,0.0,1.0,15.5667,96.81255,0.0578458,901.0,0.0,2090.0,4446.0,6536.0
447,2012-03-22,1.0,1,3,4,1.0,1.0,22.1667,124.6875,0.1175619999999999,750.0,0.0,1334.0,5537.0,6871.0
339,2011-12-05,4.0,0,12,1,1.0,2.0,15.4333,124.06245,0.0622083,628.0,0.0,233.0,3578.0,3811.0
512,2012-05-26,2.0,1,5,6,0.0,1.0,27.7,109.875,0.198992,869.0,0.0,2855.0,3681.0,6536.0
420,2012-02-24,1.0,1,2,5,1.0,2.0,16.3,110.625,0.237567,944.0,0.0,246.0,3241.0,3487.0
248,2011-09-05,3.0,0,9,1,0.0,2.0,26.9333,118.56255,0.212696,887.0,1.0,1236.0,2115.0,3351.0
1,2011-01-01,1.0,0,1,6,0.0,2.0,13.7667,120.87495,0.160446,755.0,0.0,331.0,654.0,985.0
648,2012-10-09,4.0,1,10,2,1.0,2.0,17.8667,114.25005,0.1903,611.0,0.0,601.0,5791.0,6392.0
313,2011-11-09,4.0,0,11,3,1.0,1.0,16.0,113.74995,0.0621958,864.0,0.0,305.0,3804.0,4109.0
88,2011-03-29,1.0,0,3,2,1.0,1.0,12.1,47.12505,0.226996,829.0,0.0,317.0,2108.0,2425.0
83,2011-03-24,1.0,0,3,4,1.0,2.0,11.4,120.87495,0.2437869999999999,861.0,0.0,166.0,1699.0,1865.0
305,2011-11-01,4.0,0,11,2,1.0,1.0,16.0333,102.5625,0.135571,675.0,0.0,410.0,3658.0,4068.0
465,2012-04-09,2.0,1,4,1,1.0,1.0,19.5667,47.625,0.358196,585.0,1.0,905.0,4680.0,5585.0
488,2012-05-02,2.0,1,5,3,1.0,1.0,22.5667,119.56245,0.138058,813.0,0.0,667.0,5502.0,6169.0
615,2012-09-06,3.0,1,9,4,1.0,2.0,27.8667,121.56255,0.142421,598.0,1.0,611.0,5592.0,6203.0
712,2012-12-12,4.0,1,12,3,1.0,2.0,11.9,80.74995,0.162937,802.0,1.0,310.0,5009.0,5319.0
541,2012-06-24,2.0,1,6,0,0.0,1.0,29.7333,71.87505,0.145525,731.0,0.0,2551.0,4340.0,6891.0
510,2012-05-24,2.0,1,5,4,1.0,1.0,26.2,107.50005,0.172896,706.0,0.0,1059.0,5711.0,6770.0
157,2011-06-06,2.0,0,6,1,1.0,1.0,27.1333,90.0,0.121896,912.0,0.0,673.0,3875.0,4548.0
373,2012-01-08,1.0,1,1,0,0.0,1.0,13.5,69.75,0.191542,969.0,0.0,599.0,2826.0,3425.0
161,2011-06-10,2.0,0,6,5,1.0,1.0,30.2,90.75,0.1405539999999999,840.0,0.0,815.0,3771.0,4586.0
314,2011-11-10,4.0,0,11,4,1.0,2.0,15.2,121.99995,0.189067,684.0,1.0,190.0,2743.0,2933.0
179,2011-06-28,2.0,0,6,2,1.0,1.0,29.7667,95.12505,0.144283,997.0,0.0,732.0,3916.0,4648.0
716,2012-12-16,4.0,1,12,0,0.0,2.0,14.5,125.8125,0.100742,491.0,0.0,538.0,3248.0,3786.0
398,2012-02-02,1.0,1,2,4,1.0,2.0,15.9667,109.3109709375,0.187187,547.0,0.0,190.0,3571.0,3761.0
229,2011-08-17,3.0,0,8,3,1.0,1.0,28.9333,86.31255,0.143667,905.0,0.0,668.0,4026.0,4694.0
439,2012-03-14,1.0,1,3,3,1.0,1.0,22.9,76.06245,0.1150619999999999,887.0,0.0,997.0,5315.0,6312.0
103,2011-04-13,2.0,0,4,3,1.0,2.0,16.5,122.87505,0.250617,694.0,1.0,209.0,1953.0,2162.0
545,2012-06-28,2.0,1,6,4,1.0,1.0,29.9667,63.375,0.17165,772.0,0.0,921.0,5958.0,6879.0
596,2012-08-18,3.0,1,8,6,0.0,1.0,27.1333,90.49995,0.177867,507.0,0.0,2827.0,5038.0,7865.0
315,2011-11-11,4.0,0,11,5,0.0,1.0,12.9667,66.9375,0.314675,617.0,0.0,440.0,2928.0,3368.0
694,2012-11-24,4.0,1,11,6,0.0,1.0,11.1333,84.1551970890411,0.376871,496.0,0.0,532.0,1745.0,2277.0
540,2012-06-23,2.0,1,6,6,0.0,1.0,29.2667,80.18745,0.179721,978.0,1.0,2657.0,4801.0,7458.0
490,2012-05-04,2.0,1,5,5,1.0,1.0,25.1,110.31255,0.162938,476.0,0.0,1069.0,5227.0,6296.0
588,2012-08-10,3.0,1,8,5,1.0,2.0,28.6333,107.37495,0.238813,733.0,0.0,1065.0,4721.0,5786.0
656,2012-10-17,4.0,1,10,3,1.0,1.0,18.2333,84.1551970890411,0.101371,492.0,1.0,979.0,6482.0,7461.0
92,2011-04-02,2.0,0,4,6,0.0,2.0,12.6,98.0625,0.197146,672.0,0.0,898.0,1354.0,2252.0
359,2011-12-25,4.0,0,12,0,0.0,1.0,10.9913,102.1956,0.155091,989.0,0.0,303.0,451.0,754.0
496,2012-05-10,2.0,1,5,4,1.0,1.0,20.2333,82.81245,0.314063,550.0,0.0,1026.0,5546.0,6572.0
362,2011-12-28,4.0,0,12,3,1.0,1.0,11.9652,75.58695,0.293961,840.0,0.0,255.0,2047.0,2302.0
421,2012-02-25,1.0,1,2,6,0.0,1.0,11.6333,59.37495,0.421642,669.0,0.0,317.0,2415.0,2732.0
296,2011-10-23,4.0,0,10,0,0.0,1.0,16.8667,111.1875,0.0995125,607.0,0.0,1619.0,2762.0,4381.0
639,2012-09-30,3.0,1,9,0,0.0,1.0,21.0667,87.49995,0.134958,952.0,0.0,2015.0,4874.0,6889.0
146,2011-05-26,2.0,0,5,4,1.0,1.0,28.3333,101.625,0.199642,720.0,0.0,758.0,3919.0,4677.0
197,2011-07-16,3.0,0,7,6,0.0,1.0,27.4667,87.75,0.19029483455284552,731.0,0.0,12418.0,3505.0,15923.0
619,2012-09-10,3.0,1,9,1,1.0,1.0,23.3333,75.5625,0.258713,748.0,0.0,1118.0,6407.0,7525.0
252,2011-09-09,3.0,0,9,5,1.0,2.0,26.0,134.68755,0.1243789999999999,1002.0,0.0,417.0,3127.0,3544.0
241,2011-08-29,3.0,0,8,1,1.0,1.0,25.4667,83.18745,0.159825,587.0,0.0,729.0,3905.0,4634.0
357,2011-12-23,4.0,0,12,5,1.0,1.0,14.9333,102.9375,0.274246,762.0,0.0,163.0,2046.0,2209.0
185,2011-07-04,3.0,0,7,1,0.0,2.0,29.0667,95.68755,0.0814791999999999,749.0,0.0,13065.0,2978.0,16043.0
361,2011-12-27,4.0,0,12,2,1.0,2.0,13.0,114.375,0.18845,517.0,0.0,103.0,1059.0,1162.0
471,2012-04-15,2.0,1,4,0,0.0,1.0,24.2667,76.18755,0.225129,554.0,0.0,2846.0,4286.0,7132.0
65,2011-03-06,1.0,0,3,0,0.0,2.0,15.0609,142.23915,0.343287,667.0,0.0,114.0,491.0,605.0
698,2012-11-28,4.0,1,11,3,1.0,1.0,11.8667,75.9375,0.210821,935.0,1.0,198.0,5062.0,5260.0
189,2011-07-08,3.0,0,7,5,1.0,2.0,28.3667,113.68755,0.225129,1015.0,0.0,10692.0,3348.0,14040.0
641,2012-10-02,4.0,1,10,2,1.0,3.0,23.6333,130.75005,0.104475,499.0,0.0,315.0,4324.0,4639.0
255,2011-09-12,3.0,0,9,1,1.0,1.0,25.7739,103.8261,0.088913,532.0,0.0,690.0,4023.0,4713.0
473,2012-04-17,2.0,1,4,2,1.0,1.0,24.3333,58.56255,0.273629,633.0,0.0,989.0,5702.0,6691.0
509,2012-05-23,2.0,1,5,3,1.0,2.0,24.8667,116.18745,0.102,873.0,0.0,766.0,4494.0,5260.0
67,2011-03-08,1.0,0,3,2,1.0,1.0,11.7,63.12495,0.12065,924.0,0.0,316.0,1817.0,2133.0
240,2011-08-28,3.0,0,8,0,0.0,1.0,28.2824,84.26475,0.304659,615.0,0.0,1415.0,2919.0,4334.0
71,2011-03-12,1.0,0,3,6,0.0,1.0,13.1667,89.18745,0.220775,580.0,0.0,724.0,1408.0,2132.0
485,2012-04-29,2.0,1,4,0,0.0,1.0,18.3333,88.06245,0.116908,869.0,0.0,2229.0,4075.0,6304.0
652,2012-10-13,4.0,1,10,6,0.0,1.0,15.7333,74.18745,0.146142,632.0,0.0,2252.0,4857.0,7109.0
721,2012-12-21,4.0,1,12,5,1.0,2.0,13.0667,83.50005,0.3743829999999999,881.0,0.0,221.0,3402.0,3623.0
242,2011-08-30,3.0,0,8,2,1.0,1.0,25.5667,82.24995,0.1250079999999999,576.0,1.0,775.0,4429.0,5204.0
234,2011-08-22,3.0,0,8,1,1.0,1.0,27.6667,70.5,0.27675,990.0,0.0,833.0,3925.0,4758.0
66,2011-03-07,1.0,0,3,1,1.0,1.0,10.4696,82.6956,0.341352,981.0,1.0,244.0,1628.0,1872.0
725,2012-12-25,4.0,1,12,2,0.0,2.0,11.6522,109.3109709375,0.168726,699.0,0.0,440.0,573.0,1013.0
102,2011-04-12,2.0,0,4,2,1.0,2.0,20.1,110.87505,0.274879,813.0,0.0,257.0,1777.0,2034.0
13,2011-01-13,1.0,0,1,4,1.0,1.0,6.6,70.56255,0.301,572.0,1.0,38.0,1368.0,1406.0
399,2012-02-03,1.0,1,2,5,1.0,1.0,12.5333,79.00005,0.178496,860.0,0.0,310.0,3841.0,4151.0
342,2011-12-08,4.0,0,12,4,1.0,1.0,10.6333,87.0,0.240058,573.0,0.0,150.0,3172.0,3322.0
713,2012-12-13,4.0,1,12,4,1.0,1.0,11.8333,72.87495,0.174129,676.0,0.0,425.0,5107.0,5532.0
253,2011-09-10,3.0,0,9,6,0.0,1.0,26.4,113.0625,0.153608,560.0,0.0,1750.0,3595.0,5345.0
184,2011-07-03,3.0,0,7,0,0.0,2.0,28.6667,102.375,0.228858,722.0,0.0,12282.0,2367.0,14649.0
214,2011-08-02,3.0,0,8,2,1.0,1.0,31.3333,73.6875,0.20585,617.0,0.0,801.0,4044.0,4845.0
272,2011-09-29,3.0,0,9,4,1.0,1.0,24.6667,104.87505,0.1728829999999999,920.0,0.0,653.0,4186.0,4839.0
582,2012-08-04,3.0,1,8,6,0.0,1.0,31.7333,91.99995,0.257458,606.0,0.0,2345.0,4479.0,6824.0
267,2011-09-24,3.0,0,9,6,0.0,2.0,24.2667,129.375,0.0783833,968.0,0.0,1776.0,3647.0,5423.0
433,2012-03-08,1.0,1,3,4,1.0,1.0,21.1,85.125,0.441563,870.0,0.0,486.0,4896.0,5382.0
358,2011-12-24,4.0,0,12,6,0.0,1.0,12.1,81.375,0.190304,803.0,0.0,155.0,856.0,1011.0
97,2011-04-07,2.0,0,4,4,1.0,1.0,17.5,90.43755,0.1623119999999999,929.0,0.0,571.0,2570.0,3141.0
363,2011-12-29,4.0,0,12,4,1.0,1.0,9.9333,86.12505,0.1194119999999999,728.0,0.0,254.0,2169.0,2423.0
31,2011-01-31,1.0,0,1,1,1.0,2.0,7.2333,90.5625,0.187192,901.0,0.0,42.0,1459.0,1501.0
117,2011-04-27,2.0,0,4,3,1.0,2.0,24.8,125.31255,0.3122,849.0,1.0,547.0,3325.0,3872.0
332,2011-11-28,4.0,0,11,1,1.0,1.0,20.1391,111.45645,0.142122,637.0,0.0,253.0,3614.0,3867.0
424,2012-02-28,1.0,1,2,2,1.0,1.0,14.3667,59.37495,0.193417,595.0,0.0,229.0,4134.0,4363.0
489,2012-05-03,2.0,1,5,4,1.0,2.0,22.4,115.24995,0.133696,908.0,1.0,764.0,5657.0,6421.0
428,2012-03-03,1.0,1,3,6,0.0,2.0,16.5667,93.1875,0.161079,642.0,0.0,956.0,3110.0,4066.0
406,2012-02-10,1.0,1,2,5,1.0,2.0,11.2333,81.0,0.1169289999999999,764.0,0.0,227.0,3604.0,3831.0
193,2011-07-12,3.0,0,7,2,1.0,1.0,31.7667,83.87505,0.200254,670.0,0.0,10662.0,3596.0,14258.0
415,2012-02-19,1.0,1,2,0,0.0,2.0,11.2,77.37495,0.253112,838.0,0.0,618.0,2071.0,2689.0
508,2012-05-22,2.0,1,5,2,1.0,2.0,24.6,114.87495,0.118167,576.0,0.0,819.0,5254.0,6073.0
385,2012-01-20,1.0,1,1,5,1.0,2.0,8.7,67.5,0.20275,584.0,0.0,115.0,3048.0,3163.0
498,2012-05-12,2.0,1,5,6,0.0,1.0,22.5667,72.06255,0.1231329999999999,813.0,0.0,2622.0,4807.0,7429.0
372,2012-01-07,1.0,1,1,6,0.0,1.0,15.7333,79.75005,0.174758,827.0,0.0,1070.0,3451.0,4521.0
503,2012-05-17,2.0,1,5,4,1.0,1.0,23.7333,78.0,0.229475,882.0,0.0,1242.0,6142.0,7384.0
477,2012-04-21,2.0,1,4,6,0.0,1.0,22.8,102.43755,0.283587,524.0,0.0,2541.0,4083.0,6624.0
20,2011-01-20,1.0,0,1,4,1.0,2.0,10.4667,109.3109709375,0.195904,992.0,0.0,83.0,1844.0,1927.0
440,2012-03-15,1.0,1,3,4,1.0,1.0,22.3,86.93745,0.149883,624.0,0.0,1005.0,5187.0,6192.0
55,2011-02-24,1.0,0,2,4,1.0,2.0,11.8261,104.60865,0.250496,759.0,0.0,100.0,1707.0,1807.0
587,2012-08-09,3.0,1,8,4,1.0,1.0,30.2333,93.06255,0.1561,1006.0,1.0,1196.0,6090.0,7286.0
70,2011-03-11,1.0,0,3,5,1.0,2.0,12.6609,97.43475,0.2329699999999999,487.0,1.0,247.0,1730.0,1977.0
550,2012-07-03,3.0,1,7,2,1.0,1.0,31.2333,73.81245,0.126237,790.0,0.0,11052.0,5608.0,16660.0
243,2011-08-31,3.0,0,8,3,1.0,1.0,26.2667,89.68755,0.0833333,628.0,0.0,688.0,4370.0,5058.0
469,2012-04-13,2.0,1,4,5,1.0,1.0,17.7,61.24995,0.155471,965.0,0.0,1252.0,5146.0,6398.0
59,2011-02-28,1.0,0,2,1,1.0,2.0,16.2909,109.3109709375,0.289686,471.0,1.0,81.0,1365.0,1446.0
151,2011-05-31,2.0,0,5,2,1.0,1.0,31.0,95.50005,0.111329,843.0,0.0,673.0,3309.0,3982.0
32,2011-02-01,1.0,0,2,2,1.0,2.0,7.687,124.43475,0.0532129999999999,914.0,0.0,47.0,1313.0,1360.0
169,2011-06-18,2.0,0,6,6,0.0,1.0,27.8667,100.56255,0.1194079999999999,617.0,0.0,1807.0,3312.0,5119.0
517,2012-05-31,2.0,1,5,4,1.0,1.0,27.2,73.93755,0.195279,986.0,0.0,1100.0,6238.0,7338.0
696,2012-11-26,4.0,1,11,1,1.0,1.0,12.5333,80.31255,0.04665,1025.0,0.0,337.0,4750.0,5087.0
690,2012-11-20,4.0,1,11,2,1.0,2.0,14.9667,102.75,0.082725,796.0,0.0,534.0,5100.0,5634.0
455,2012-03-30,1.0,1,3,5,1.0,2.0,14.8,87.12495,0.138067,1016.0,0.0,796.0,4663.0,5459.0
506,2012-05-20,2.0,1,5,0,0.0,1.0,24.8333,79.56255,0.254367,783.0,0.0,2704.0,4425.0,7129.0
91,2011-04-01,2.0,0,4,5,1.0,2.0,12.0,102.9375,0.258708,699.0,1.0,307.0,1920.0,2227.0
260,2011-09-17,3.0,0,9,6,0.0,2.0,19.6667,107.74995,0.189675,939.0,1.0,1434.0,3077.0,4511.0
317,2011-11-13,4.0,0,11,0,0.0,1.0,17.6333,68.74995,0.281721,829.0,0.0,1004.0,2713.0,3717.0
145,2011-05-25,2.0,0,5,3,1.0,1.0,26.4333,104.4375,0.1542329999999999,702.0,0.0,740.0,4238.0,4978.0
695,2012-11-25,4.0,1,11,0,0.0,1.0,9.8333,70.24995,0.1505,728.0,0.0,309.0,2115.0,2424.0
595,2012-08-17,3.0,1,8,5,1.0,1.0,28.9333,85.62495,0.231354,887.0,0.0,1483.0,5665.0,7148.0
519,2012-06-02,2.0,1,6,6,0.0,1.0,23.3333,82.37505,0.1865619999999999,743.0,0.0,2795.0,5325.0,8120.0
427,2012-03-02,1.0,1,3,5,1.0,2.0,14.1333,98.56245,0.144904,867.0,0.0,246.0,2948.0,3194.0
515,2012-05-29,2.0,1,5,2,1.0,1.0,28.9,102.68745,0.2954,598.0,1.0,880.0,4863.0,5743.0
670,2012-10-31,4.0,1,10,3,1.0,2.0,14.3,100.00005,0.166667,747.0,0.0,419.0,5147.0,5566.0
284,2011-10-11,4.0,0,10,2,1.0,2.0,22.6667,121.3125,0.143042,800.0,0.0,667.0,3896.0,4563.0
3,2011-01-03,1.0,0,1,1,1.0,1.0,7.8546,65.59095,0.248309,829.0,0.0,120.0,1229.0,1349.0
49,2011-02-18,1.0,0,2,5,1.0,1.0,20.8667,77.50005,0.264925,681.0,0.0,579.0,2348.0,2927.0
673,2012-11-03,4.0,1,11,6,0.0,2.0,13.7333,73.6875,0.270529,827.0,0.0,1029.0,4109.0,5138.0
323,2011-11-19,4.0,0,11,6,0.0,1.0,13.1667,75.31245,0.224496,1003.0,0.0,943.0,2720.0,3663.0
676,2012-11-06,4.0,1,11,2,1.0,1.0,11.2333,85.06245,0.173513,677.0,0.0,466.0,5220.0,5686.0
142,2011-05-22,2.0,0,5,0,0.0,1.0,24.1667,112.43745,0.148008,703.0,0.0,1576.0,3084.0,4660.0
211,2011-07-30,3.0,0,7,6,0.0,1.0,32.1667,69.87495,0.168537,637.0,0.0,11559.0,2916.0,14475.0
437,2012-03-12,1.0,1,3,1,1.0,1.0,18.6667,73.37505,0.207713,497.0,0.0,838.0,4460.0,5298.0
12,2011-01-12,1.0,0,1,3,1.0,1.0,6.9091,89.93175,0.304627,889.0,0.0,25.0,1137.0,1162.0
598,2012-08-20,3.0,1,8,1,1.0,2.0,25.4333,110.12505,0.1299789999999999,611.0,0.0,1026.0,5504.0,6530.0
343,2011-12-09,4.0,0,12,5,1.0,1.0,11.6333,104.37495,0.0827166999999999,875.0,0.0,261.0,3359.0,3620.0
526,2012-06-09,2.0,1,6,6,0.0,1.0,28.4333,65.56245,0.144287,593.0,0.0,2708.0,4790.0,7498.0
251,2011-09-08,3.0,0,9,4,1.0,3.0,25.3565,140.93475,0.192748,684.0,1.0,153.0,1689.0,1842.0
435,2012-03-10,1.0,1,3,6,0.0,1.0,11.5,52.56255,0.22575,994.0,1.0,968.0,3150.0,4118.0
593,2012-08-15,3.0,1,8,3,1.0,1.0,28.2667,92.93745,0.169771,501.0,0.0,1198.0,6149.0,7347.0
394,2012-01-29,1.0,1,1,0,0.0,1.0,11.3,46.6875,0.24005,836.0,0.0,558.0,2685.0,3243.0
228,2011-08-16,3.0,0,8,2,1.0,1.0,28.0333,86.74995,0.2363289999999999,1019.0,0.0,721.0,4004.0,4725.0
708,2012-12-08,4.0,1,12,6,0.0,2.0,15.2667,136.6875,0.101379,620.0,0.0,1153.0,4429.0,5582.0
42,2011-02-11,1.0,0,2,5,1.0,1.0,7.5636,75.9546,0.10855,946.0,0.0,149.0,1597.0,1746.0
412,2012-02-16,1.0,1,2,4,1.0,2.0,12.6667,112.93755,0.091425,632.0,0.0,74.0,2931.0,3005.0
360,2011-12-26,4.0,0,12,1,0.0,1.0,12.8696,76.04355,0.239465,465.0,0.0,430.0,887.0,1317.0
551,2012-07-04,3.0,1,7,3,0.0,1.0,31.5667,80.8125,0.13495,702.0,0.0,12562.0,4841.0,17403.0
390,2012-01-25,1.0,1,1,3,1.0,1.0,11.7667,96.5625,0.161071,465.0,0.0,467.0,3803.0,4270.0
650,2012-10-11,4.0,1,10,4,1.0,1.0,17.4,69.49995,0.181596,725.0,0.0,834.0,6736.0,7570.0
566,2012-07-19,3.0,1,7,4,1.0,1.0,30.8,90.06255,0.165429,602.0,0.0,10888.0,5703.0,16591.0
574,2012-07-27,3.0,1,7,5,1.0,1.0,31.2667,89.18745,0.152992,948.0,0.0,11259.0,5645.0,16904.0
266,2011-09-23,3.0,0,9,5,1.0,2.0,24.3667,145.875,0.0783667,612.0,0.0,258.0,2137.0,2395.0
627,2012-09-18,3.0,1,9,2,1.0,2.0,24.9333,130.875,0.357587,795.0,0.0,371.0,3702.0,4073.0
109,2011-04-19,2.0,0,4,2,1.0,2.0,20.2333,99.87495,0.157971,707.0,0.0,409.0,2795.0,3204.0
612,2012-09-03,3.0,1,9,1,0.0,1.0,28.3,118.62495,0.151121,469.0,0.0,1965.0,4069.0,6034.0
63,2011-03-04,1.0,0,3,5,1.0,2.0,10.4667,91.56255,0.203346,932.0,1.0,214.0,1730.0,1944.0
542,2012-06-25,2.0,1,6,1,1.0,1.0,28.6333,75.62505,0.300383,932.0,1.0,1139.0,5640.0,6779.0
636,2012-09-27,3.0,1,9,4,1.0,2.0,26.0,103.62495,0.134342,472.0,0.0,751.0,6642.0,7393.0
167,2011-06-16,2.0,0,6,4,1.0,2.0,25.1333,103.24995,0.206471,462.0,0.0,545.0,3222.0,3767.0
259,2011-09-16,3.0,0,9,5,1.0,2.0,18.7667,88.56255,0.164183,467.0,0.0,742.0,4018.0,4760.0
87,2011-03-28,1.0,0,3,1,1.0,1.0,10.5739,45.3261,0.212204,870.0,0.0,222.0,1806.0,2028.0
603,2012-08-25,3.0,1,8,6,0.0,2.0,26.4667,106.93755,0.244408,477.0,0.0,1829.0,4224.0,6053.0
701,2012-12-01,4.0,1,12,6,0.0,2.0,11.9333,121.00005,0.0597041999999999,602.0,0.0,951.0,4240.0,5191.0
337,2011-12-03,4.0,0,12,6,0.0,1.0,11.9667,91.93755,0.0957833,473.0,0.0,706.0,2908.0,3614.0
40,2011-02-09,1.0,0,2,3,1.0,2.0,5.3913,74.21745,0.188839,474.0,0.0,53.0,1552.0,1605.0
518,2012-06-01,2.0,1,6,5,1.0,2.0,26.1667,113.31255,0.237563,853.0,1.0,533.0,3594.0,4127.0
478,2012-04-22,2.0,1,4,0,0.0,3.0,15.8667,125.31255,0.344546,603.0,0.0,120.0,907.0,1027.0
396,2012-01-31,1.0,1,1,2,1.0,1.0,15.6,62.50005,0.261817,963.0,0.0,324.0,4185.0,4509.0
195,2011-07-14,3.0,0,7,4,1.0,1.0,27.2333,71.4375,0.240667,711.0,1.0,10888.0,4196.0,15084.0
268,2011-09-25,3.0,0,9,0,0.0,2.0,25.3667,126.75,0.0503792,1030.0,0.0,1544.0,3466.0,5010.0
491,2012-05-05,2.0,1,5,6,0.0,2.0,24.8667,113.50005,0.152992,1007.0,0.0,2496.0,4387.0,6883.0
278,2011-10-05,4.0,0,10,3,1.0,1.0,21.5333,97.18755,0.17725,935.0,0.0,559.0,4267.0,4826.0
724,2012-12-24,4.0,1,12,1,1.0,2.0,9.2522,109.3109709375,0.0772303999999999,1030.0,1.0,174.0,746.0,920.0
186,2011-07-05,3.0,0,7,2,1.0,1.0,29.8667,88.56255,0.1262579999999999,874.0,0.0,11031.0,3634.0,14665.0
604,2012-08-26,3.0,1,8,0,0.0,2.0,26.1333,126.87495,0.228858,644.0,0.0,1483.0,3772.0,5255.0
476,2012-04-20,2.0,1,4,5,1.0,1.0,21.0667,104.18745,0.149871,507.0,0.0,1340.0,5950.0,7290.0
572,2012-07-25,3.0,1,7,3,1.0,1.0,28.9667,67.5,0.1648,789.0,1.0,11383.0,6790.0,18173.0
231,2011-08-19,3.0,0,8,5,1.0,2.0,27.4,108.43755,0.139308,687.0,0.0,797.0,3356.0,4153.0
280,2011-10-07,4.0,0,10,5,1.0,1.0,20.4333,102.62505,0.0223917,991.0,0.0,949.0,4036.0,4985.0
723,2012-12-23,4.0,1,12,0,0.0,1.0,9.8333,77.31255,0.1330829999999999,490.0,0.0,408.0,1379.0,1787.0
95,2011-04-05,2.0,0,4,2,1.0,2.0,16.5667,96.31245,0.388067,626.0,0.0,167.0,1628.0,1795.0
56,2011-02-25,1.0,0,2,5,1.0,2.0,14.5739,109.3109709375,0.346539,493.0,0.0,120.0,1341.0,1461.0
632,2012-09-23,3.0,1,9,0,0.0,1.0,21.1667,70.06245,0.2232579999999999,888.0,0.0,2454.0,5453.0,7907.0
371,2012-01-06,1.0,1,1,5,1.0,1.0,13.3667,81.31245,0.167908,559.0,0.0,307.0,3791.0,4098.0
170,2011-06-19,2.0,0,6,0,0.0,2.0,27.9667,100.00005,0.102,1019.0,0.0,1639.0,3105.0,4744.0
218,2011-08-06,3.0,0,8,6,0.0,2.0,28.6667,109.3109709375,0.22825,711.0,0.0,1521.0,2773.0,4294.0
492,2012-05-06,2.0,1,5,0,0.0,2.0,22.5,111.0,0.1498789999999999,527.0,0.0,2135.0,4224.0,6359.0
672,2012-11-02,4.0,1,11,5,1.0,1.0,14.2,78.31245,0.266175,578.0,0.0,618.0,5229.0,5847.0
168,2011-06-17,2.0,0,6,5,1.0,1.0,25.9667,110.37495,0.143029,659.0,1.0,863.0,3981.0,4844.0
389,2012-01-24,1.0,1,1,2,1.0,1.0,13.7,84.1551970890411,0.123767,866.0,0.0,439.0,3900.0,4339.0
322,2011-11-18,4.0,0,11,5,1.0,1.0,10.9667,61.5,0.168533,673.0,0.0,245.0,3147.0,3392.0
333,2011-11-29,4.0,0,11,2,1.0,2.0,18.3333,124.62495,0.258092,767.0,0.0,96.0,2818.0,2914.0
126,2011-05-06,2.0,0,5,5,1.0,1.0,19.1667,84.1551970890411,0.228246,695.0,0.0,894.0,3714.0,4608.0
504,2012-05-18,2.0,1,5,5,1.0,1.0,22.5667,78.49995,0.136817,550.0,0.0,1521.0,6118.0,7639.0
101,2011-04-11,2.0,0,4,1,1.0,2.0,23.8261,107.5434,0.324474,799.0,0.0,855.0,2493.0,3348.0
456,2012-03-31,1.0,1,3,6,0.0,2.0,16.9667,110.74995,0.250617,538.0,0.0,2301.0,3934.0,6235.0
576,2012-07-29,3.0,1,7,0,0.0,1.0,28.8667,93.5625,0.170396,523.0,0.0,12153.0,4444.0,16597.0
355,2011-12-21,4.0,0,12,3,1.0,2.0,17.1333,128.74995,0.2214,942.0,0.0,107.0,2553.0,2660.0
171,2011-06-20,2.0,0,6,1,1.0,2.0,25.4,111.9375,0.155475,1018.0,0.0,699.0,3311.0,4010.0
60,2011-03-01,1.0,0,3,2,1.0,1.0,10.6667,80.25,0.216425,971.0,0.0,137.0,1714.0,1851.0
158,2011-06-07,2.0,0,6,2,1.0,1.0,28.3,89.68755,0.187808,464.0,1.0,763.0,4070.0,4833.0
308,2011-11-04,4.0,0,11,5,1.0,2.0,16.1333,93.375,0.271779,769.0,0.0,470.0,3576.0,4046.0
302,2011-10-29,4.0,0,10,6,0.0,3.0,10.1667,132.375,0.351371,936.0,0.0,57.0,570.0,627.0
731,2012-12-31,4.0,1,12,1,1.0,2.0,8.6333,86.625,0.154846,585.0,0.0,439.0,2290.0,2729.0
432,2012-03-07,1.0,1,3,3,1.0,1.0,16.1667,76.99995,0.345779,490.0,0.0,432.0,4484.0,4916.0
178,2011-06-27,2.0,0,6,1,1.0,2.0,27.3,98.74995,0.107588,819.0,0.0,854.0,3854.0,4708.0
212,2011-07-31,3.0,0,7,0,0.0,1.0,32.2333,72.12495,0.164813,724.0,0.0,11524.0,2778.0,14302.0
553,2012-07-06,3.0,1,7,5,1.0,1.0,33.1333,67.62495,0.146142,797.0,0.0,11366.0,4841.0,16207.0
84,2011-03-25,1.0,0,3,5,1.0,1.0,10.5667,74.25,0.230725,776.0,0.0,300.0,1910.0,2210.0
728,2012-12-28,4.0,1,12,5,1.0,2.0,10.1333,88.5,0.155471,562.0,0.0,644.0,2451.0,3095.0
172,2011-06-21,2.0,0,6,2,1.0,2.0,27.2333,115.56255,0.171025,474.0,0.0,774.0,4061.0,4835.0
618,2012-09-09,3.0,1,9,0,0.0,1.0,24.4,82.125,0.224496,494.0,0.0,2570.0,5657.0,8227.0
223,2011-08-11,3.0,0,8,4,1.0,1.0,28.7,63.5625,0.164796,980.0,0.0,812.0,3980.0,4792.0
2,2011-01-02,1.0,0,1,0,0.0,2.0,14.5391,104.41305,0.2485389999999999,837.0,1.0,131.0,670.0,801.0
688,2012-11-18,4.0,1,11,0,0.0,1.0,13.7,103.93755,0.2276119999999999,899.0,0.0,922.0,3747.0,4669.0
51,2011-02-20,1.0,0,2,0,0.0,1.0,11.4087,61.1739,0.223235,628.0,0.0,639.0,1173.0,1812.0
147,2011-05-27,2.0,0,5,5,1.0,1.0,27.2667,98.0625,0.240679,789.0,0.0,871.0,3808.0,4679.0
247,2011-09-04,3.0,0,9,0,0.0,1.0,28.3667,111.31245,0.206467,606.0,0.0,2521.0,2419.0,4940.0
570,2012-07-23,3.0,1,7,1,1.0,1.0,29.6667,104.12505,0.138683,603.0,0.0,11135.0,5831.0,16966.0
10,2011-01-10,1.0,0,1,1,1.0,1.0,6.0333,72.43755,0.223267,897.0,0.0,41.0,1280.0,1321.0
217,2011-08-05,3.0,0,8,5,1.0,1.0,28.4333,94.62495,0.184696,747.0,0.0,1023.0,3843.0,4866.0
684,2012-11-14,4.0,1,11,3,1.0,1.0,11.5667,82.81245,0.199625,478.0,0.0,373.0,5122.0,5495.0
75,2011-03-16,1.0,0,3,3,1.0,2.0,14.6087,116.4783,0.203117,837.0,0.0,321.0,1871.0,2192.0
610,2012-09-01,3.0,1,9,6,0.0,2.0,30.1333,95.74995,0.113187,823.0,0.0,2352.0,3788.0,6140.0
544,2012-06-27,2.0,1,6,3,1.0,1.0,27.9,54.0,0.271775,897.0,0.0,1077.0,6258.0,7335.0
495,2012-05-09,2.0,1,5,3,1.0,2.0,23.0,111.62505,0.216412,571.0,0.0,620.0,4097.0,4717.0
443,2012-03-18,1.0,1,3,0,0.0,2.0,18.9,121.5,0.126883,1016.0,1.0,2207.0,3685.0,5892.0
561,2012-07-14,3.0,1,7,6,0.0,2.0,28.1333,104.87505,0.143679,809.0,0.0,12355.0,4614.0,16969.0
692,2012-11-22,4.0,1,11,4,0.0,1.0,13.6,87.06255,0.0528708,535.0,0.0,955.0,1470.0,2425.0
494,2012-05-08,2.0,1,5,2,1.0,2.0,23.2667,102.87495,0.296029,596.0,0.0,738.0,4990.0,5728.0
99,2011-04-09,2.0,0,4,6,0.0,2.0,13.7,131.625,0.1330829999999999,803.0,0.0,879.0,1576.0,2455.0
54,2011-02-23,1.0,0,2,3,1.0,1.0,8.8696,63.45645,0.094113,674.0,1.0,139.0,1778.0,1917.0
250,2011-09-07,3.0,0,9,3,1.0,3.0,23.9667,137.56245,0.0970208,892.0,0.0,118.0,1878.0,1996.0
131,2011-05-11,2.0,0,5,3,1.0,1.0,21.7,94.93755,0.120642,549.0,0.0,550.0,3632.0,4182.0
500,2012-05-14,2.0,1,5,1,1.0,2.0,22.9333,118.43745,0.212692,768.0,0.0,342.0,2501.0,2843.0
522,2012-06-05,2.0,1,6,2,1.0,2.0,21.6333,91.99995,0.209575,831.0,0.0,968.0,6033.0,7001.0
538,2012-06-21,2.0,1,6,4,1.0,1.0,32.2333,85.18755,0.1187869999999999,692.0,0.0,778.0,5127.0,5905.0
191,2011-07-10,3.0,0,7,0,0.0,1.0,29.9,86.74995,0.183471,492.0,0.0,11743.0,3138.0,14881.0
238,2011-08-26,3.0,0,8,5,1.0,1.0,28.0,114.1875,0.0839625,875.0,0.0,768.0,3893.0,4661.0
80,2011-03-21,1.0,0,3,1,1.0,2.0,17.2174,110.60865,0.288783,817.0,0.0,401.0,1676.0,2077.0
47,2011-02-16,1.0,0,2,3,1.0,1.0,12.7304,63.5217,0.251791,1029.0,0.0,218.0,1897.0,2115.0
6,2011-01-06,1.0,0,1,4,1.0,1.0,8.1739,77.73915,0.0895652,734.0,1.0,88.0,1518.0,1606.0
414,2012-02-18,1.0,1,2,6,0.0,1.0,13.8667,80.18745,0.190929,900.0,0.0,1435.0,2883.0,4318.0
384,2012-01-19,1.0,1,1,4,1.0,1.0,7.6,74.625,0.220158,637.0,0.0,130.0,3162.0,3292.0
166,2011-06-15,2.0,0,6,3,1.0,1.0,25.0667,70.75005,0.1679119999999999,749.0,0.0,769.0,4411.0,5180.0
375,2012-01-10,1.0,1,1,2,1.0,1.0,12.3478,96.9783,0.187552,598.0,0.0,173.0,3425.0,3598.0
282,2011-10-09,4.0,0,10,0,0.0,1.0,21.6333,109.125,0.06345,581.0,0.0,2397.0,3114.0,5511.0
224,2011-08-12,3.0,0,8,5,1.0,1.0,28.3333,62.25,0.19029483455284552,835.0,0.0,1051.0,3854.0,4905.0
521,2012-06-04,2.0,1,6,1,1.0,1.0,23.9,73.06245,0.284833,860.0,0.0,1071.0,5927.0,6998.0
293,2011-10-20,4.0,0,10,4,1.0,1.0,19.0333,95.4375,0.422275,751.0,1.0,471.0,3724.0,4195.0
635,2012-09-26,3.0,1,9,3,1.0,1.0,25.4,94.62495,0.2444,1001.0,0.0,787.0,6946.0,7733.0
215,2011-08-03,3.0,0,8,3,1.0,2.0,29.2667,98.625,0.1355829999999999,934.0,0.0,467.0,3107.0,3574.0
607,2012-08-29,3.0,1,8,3,1.0,1.0,27.4,82.81245,0.112562,575.0,0.0,1177.0,6520.0,7697.0
177,2011-06-26,2.0,0,6,0,0.0,1.0,27.2,76.99995,0.0945333,976.0,0.0,1920.0,3385.0,5305.0
36,2011-02-05,1.0,0,2,6,0.0,2.0,9.3333,139.37505,0.161079,707.0,0.0,100.0,905.0,1005.0
438,2012-03-13,1.0,1,3,2,1.0,1.0,22.6,92.625,0.23695,889.0,0.0,762.0,5085.0,5847.0
461,2012-04-05,2.0,1,4,4,1.0,1.0,17.4,56.12505,0.219529,518.0,1.0,1192.0,5265.0,6457.0
311,2011-11-07,4.0,0,11,1,1.0,1.0,15.8,113.8125,0.057225,606.0,0.0,373.0,3662.0,4035.0
379,2012-01-14,1.0,1,1,6,0.0,1.0,7.2,68.625,0.187183,944.0,0.0,333.0,2160.0,2493.0
391,2012-01-26,1.0,1,1,4,1.0,2.0,13.6667,115.43745,0.0733958,784.0,1.0,244.0,3831.0,4075.0
664,2012-10-25,4.0,1,10,4,1.0,2.0,22.0,120.06255,0.124375,492.0,0.0,875.0,6484.0,7359.0
710,2012-12-10,4.0,1,12,1,1.0,2.0,17.4333,138.75,0.190308,1031.0,0.0,329.0,4841.0,5170.0
563,2012-07-16,3.0,1,7,1,1.0,1.0,30.5333,96.75,0.164187,639.0,0.0,11088.0,5742.0,16830.0
678,2012-11-08,4.0,1,11,4,1.0,1.0,14.087,50.0217,0.347835,554.0,0.0,340.0,4975.0,5315.0
457,2012-04-01,2.0,1,4,0,0.0,2.0,17.0333,101.4375,0.172267,664.0,0.0,2347.0,3694.0,6041.0
625,2012-09-16,3.0,1,9,0,0.0,1.0,23.2,85.5,0.0901833,589.0,0.0,2166.0,5167.0,7333.0
616,2012-09-07,3.0,1,9,5,1.0,1.0,28.1333,84.1551970890411,0.171646,929.0,0.0,1045.0,6459.0,7504.0
410,2012-02-14,1.0,1,2,2,1.0,2.0,12.7667,76.3125,0.141179,921.0,1.0,135.0,3787.0,3922.0
130,2011-05-10,2.0,0,5,2,1.0,1.0,21.3,73.37505,0.115671,473.0,0.0,694.0,4109.0,4803.0
319,2011-11-15,4.0,0,11,2,1.0,2.0,21.2,103.3125,0.199633,852.0,0.0,449.0,3746.0,4195.0
225,2011-08-13,3.0,0,8,6,0.0,2.0,27.4333,109.43745,0.211454,935.0,0.0,1504.0,2646.0,4150.0
5,2011-01-05,1.0,0,1,3,1.0,1.0,9.0783,65.54355,0.1869,745.0,0.0,82.0,1518.0,1600.0
150,2011-05-30,2.0,0,5,1,0.0,1.0,29.3333,102.75,0.131225,483.0,0.0,1549.0,2549.0,4098.0
727,2012-12-27,4.0,1,12,4,1.0,2.0,10.1667,97.93755,0.3501329999999999,561.0,0.0,247.0,1867.0,2114.0
160,2011-06-09,2.0,0,6,4,1.0,2.0,32.3333,85.24995,0.149883,906.0,0.0,563.0,3352.0,3915.0
207,2011-07-26,3.0,0,7,2,1.0,1.0,30.8667,81.12495,0.200258,692.0,0.0,10750.0,3840.0,14590.0
479,2012-04-23,2.0,1,4,1,1.0,2.0,12.8667,115.00005,0.303496,512.0,1.0,195.0,3019.0,3214.0
381,2012-01-16,1.0,1,1,1,0.0,1.0,7.6,78.375,0.2313579999999999,709.0,0.0,217.0,2081.0,2298.0
374,2012-01-09,1.0,1,1,1,1.0,2.0,8.9667,105.25005,0.0989,644.0,0.0,106.0,2270.0,2376.0
118,2011-04-28,2.0,0,4,4,1.0,2.0,24.7,109.3109709375,0.3209079999999999,763.0,0.0,569.0,3489.0,4058.0
73,2011-03-14,1.0,0,3,1,1.0,1.0,13.0087,74.54355,0.136926,926.0,0.0,359.0,1687.0,2046.0
62,2011-03-03,1.0,0,3,4,1.0,1.0,7.9333,47.74995,0.225754,759.0,0.0,123.0,1562.0,1685.0
530,2012-06-13,2.0,1,6,3,1.0,1.0,26.2333,87.31245,0.343279,865.0,0.0,1173.0,6248.0,7421.0
33,2011-02-02,1.0,0,2,3,1.0,2.0,10.4,116.31255,0.264308,678.0,0.0,72.0,1454.0,1526.0
57,2011-02-26,1.0,0,2,6,0.0,1.0,11.3,80.68755,0.186571,522.0,0.0,424.0,1545.0,1969.0
405,2012-02-09,1.0,1,2,4,1.0,1.0,10.6,84.31245,0.194037,1010.0,0.0,163.0,3667.0,3830.0
400,2012-02-04,1.0,1,2,6,0.0,2.0,10.5667,116.93745,0.121896,953.0,1.0,384.0,2448.0,2832.0
613,2012-09-04,3.0,1,9,2,1.0,1.0,29.0333,113.25,0.236321,872.0,0.0,867.0,5997.0,6864.0
29,2011-01-29,1.0,0,1,6,0.0,1.0,7.8609,84.1551970890411,0.145365,1018.0,0.0,123.0,975.0,1098.0
475,2012-04-19,2.0,1,4,4,1.0,1.0,19.9333,91.875,0.0659292,584.0,0.0,846.0,5719.0,6565.0
307,2011-11-03,4.0,0,11,4,1.0,1.0,16.3333,84.1551970890411,0.136817,1021.0,0.0,318.0,3656.0,3974.0
340,2011-12-06,4.0,0,12,2,1.0,3.0,18.5,142.43745,0.2325829999999999,459.0,0.0,126.0,2468.0,2594.0
114,2011-04-24,2.0,0,4,0,0.0,2.0,23.2667,121.62495,0.192175,697.0,0.0,1710.0,2481.0,4191.0
674,2012-11-04,4.0,1,11,0,0.0,1.0,13.0333,79.93755,0.179108,684.0,0.0,1201.0,3906.0,5107.0
454,2012-03-29,1.0,1,3,4,1.0,1.0,19.7667,65.87505,0.31965,956.0,0.0,834.0,5299.0,6133.0
165,2011-06-14,2.0,0,6,2,1.0,1.0,24.1667,76.06245,0.269283,858.0,0.0,727.0,4164.0,4891.0
300,2011-10-27,4.0,0,10,4,1.0,2.0,18.8,121.93755,0.197763,518.0,0.0,240.0,2419.0,2659.0
532,2012-06-15,2.0,1,6,5,1.0,1.0,25.5667,88.43745,0.176617,709.0,0.0,1563.0,6102.0,7665.0
560,2012-07-13,3.0,1,7,5,1.0,2.0,29.2667,72.87495,0.08085,500.0,0.0,11511.0,5988.0,17499.0
467,2012-04-11,2.0,1,4,3,1.0,1.0,13.9478,70.43475,0.295274,767.0,0.0,482.0,4380.0,4862.0
567,2012-07-20,3.0,1,7,5,1.0,2.0,26.6333,126.62505,0.208967,685.0,0.0,10747.0,5123.0,15870.0
134,2011-05-14,2.0,0,5,6,0.0,2.0,20.8333,138.375,0.13495,928.0,0.0,902.0,2507.0,3409.0
106,2011-04-16,2.0,0,4,6,0.0,3.0,17.2333,133.24995,0.340808,577.0,0.0,121.0,674.0,795.0
585,2012-08-07,3.0,1,8,2,1.0,2.0,29.4333,105.5625,0.116908,714.0,0.0,1278.0,5995.0,7273.0
325,2011-11-21,4.0,0,11,1,1.0,3.0,17.9,136.5,0.138054,865.0,0.0,220.0,2545.0,2765.0
58,2011-02-27,1.0,0,2,0,0.0,1.0,13.7391,102.0,0.125248,736.0,0.0,694.0,1708.0,2402.0
263,2011-09-20,3.0,0,9,2,1.0,2.0,22.4667,132.1875,0.134954,736.0,0.0,438.0,3203.0,3641.0
386,2012-01-21,1.0,1,1,6,0.0,2.0,6.9333,124.6875,0.222642,798.0,0.0,67.0,1234.0,1301.0
153,2011-06-02,2.0,0,6,4,1.0,1.0,28.6,45.75,0.2922869999999999,740.0,1.0,736.0,4232.0,4968.0
451,2012-03-26,1.0,1,3,1,1.0,1.0,17.8333,71.68755,0.386821,747.0,0.0,795.0,4763.0,5558.0
537,2012-06-20,2.0,1,6,3,1.0,1.0,31.3,88.81245,0.1138119999999999,772.0,0.0,872.0,5339.0,6211.0
419,2012-02-23,1.0,1,2,4,1.0,1.0,18.1667,83.18745,0.190913,509.0,0.0,516.0,4546.0,5062.0
152,2011-06-01,2.0,0,6,3,1.0,2.0,30.5667,101.56245,0.207092,694.0,0.0,513.0,3461.0,3974.0
445,2012-03-20,1.0,1,3,2,1.0,1.0,22.4333,121.18755,0.121271,605.0,1.0,1051.0,5042.0,6093.0
275,2011-10-02,4.0,0,10,0,0.0,2.0,14.2667,118.75005,0.222013,485.0,0.0,616.0,2302.0,2918.0
668,2012-10-29,4.0,1,10,1,1.0,3.0,17.6,132.0,0.3582,1028.0,1.0,2.0,20.0,22.0
644,2012-10-05,4.0,1,10,5,1.0,1.0,24.6,94.125,0.10635,484.0,0.0,1516.0,6640.0,8156.0
127,2011-05-07,2.0,0,5,6,0.0,1.0,20.8,81.1875,0.16045,1014.0,0.0,1612.0,3102.0,4714.0
376,2012-01-11,1.0,1,1,3,1.0,2.0,10.9667,127.125,0.131221,715.0,0.0,92.0,2085.0,2177.0
236,2011-08-24,3.0,0,8,3,1.0,1.0,26.9333,90.75,0.19029483455284552,935.0,0.0,949.0,4181.0,5130.0
573,2012-07-26,3.0,1,7,4,1.0,1.0,31.0667,89.50005,0.284813,1012.0,0.0,11036.0,5825.0,16861.0
645,2012-10-06,4.0,1,10,6,0.0,1.0,22.1667,99.62505,0.268025,755.0,0.0,3031.0,4934.0,7965.0
370,2012-01-05,1.0,1,1,4,1.0,1.0,10.6333,78.62505,0.129987,983.0,0.0,140.0,3132.0,3272.0
125,2011-05-05,2.0,0,5,4,1.0,1.0,18.3667,66.62505,0.295392,789.0,0.0,614.0,3819.0,4433.0
21,2011-01-21,1.0,0,1,5,1.0,1.0,7.1,68.56245,0.353242,725.0,0.0,75.0,1468.0,1543.0
351,2011-12-17,4.0,0,12,6,0.0,2.0,10.3333,84.12495,0.243167,660.0,0.0,275.0,2464.0,2739.0
659,2012-10-20,4.0,1,10,6,0.0,1.0,19.3667,85.93755,0.1175369999999999,988.0,0.0,2806.0,5284.0,8090.0
345,2011-12-11,4.0,0,12,0,0.0,1.0,8.8333,84.1551970890411,0.0665417,695.0,0.0,377.0,2366.0,2743.0
528,2012-06-11,2.0,1,6,1,1.0,2.0,28.8333,88.18755,0.207713,907.0,0.0,1017.0,5647.0,6664.0
493,2012-05-07,2.0,1,5,1,1.0,2.0,21.5,99.62505,0.230721,893.0,1.0,1008.0,5265.0,6273.0
270,2011-09-27,3.0,0,9,2,1.0,2.0,25.4667,132.81255,0.118171,903.0,1.0,477.0,3643.0,4120.0
82,2011-03-23,1.0,0,3,3,1.0,2.0,13.8783,125.93475,0.234261,516.0,0.0,203.0,1918.0,2121.0
642,2012-10-03,4.0,1,10,3,1.0,2.0,26.3,119.0625,0.0665458,727.0,0.0,728.0,6844.0,7572.0
611,2012-09-02,3.0,1,9,0,0.0,2.0,27.8667,122.25,0.0640708,946.0,0.0,2613.0,3197.0,5810.0
720,2012-12-20,4.0,1,12,4,1.0,2.0,13.2,100.18755,0.132463,883.0,0.0,314.0,3814.0,4128.0
525,2012-06-08,2.0,1,6,5,1.0,1.0,25.9667,70.18755,0.1753829999999999,968.0,0.0,1488.0,6248.0,7736.0
338,2011-12-04,4.0,0,12,0,0.0,1.0,13.2333,116.37495,0.0839583,998.0,1.0,634.0,2851.0,3485.0
715,2012-12-15,4.0,1,12,6,0.0,1.0,12.9667,97.56255,0.10635,619.0,0.0,767.0,4280.0,5047.0
402,2012-02-06,1.0,1,2,1,1.0,1.0,11.3044,93.3261,0.1538,750.0,0.0,206.0,3578.0,3784.0
43,2011-02-12,1.0,0,2,6,0.0,1.0,8.9,81.62505,0.203367,709.0,0.0,288.0,1184.0,1472.0
46,2011-02-15,1.0,0,2,2,1.0,1.0,10.6435,47.1522,0.2913739999999999,565.0,0.0,140.0,1675.0,1815.0
156,2011-06-05,2.0,0,6,0,0.0,2.0,25.9333,97.875,0.138692,495.0,0.0,1685.0,3221.0,4906.0
149,2011-05-29,2.0,0,5,0,0.0,1.0,26.7,84.1551970890411,0.213938,667.0,1.0,2355.0,2433.0,4788.0
199,2011-07-18,3.0,0,7,1,1.0,1.0,29.8667,97.6875,0.215804,840.0,0.0,10841.0,3617.0,14458.0
123,2011-05-03,2.0,0,5,2,1.0,2.0,24.6667,104.56245,0.342667,666.0,0.0,603.0,3848.0,4451.0
520,2012-06-03,2.0,1,6,0,0.0,1.0,24.1,73.99995,0.184087,502.0,1.0,2494.0,5147.0,7641.0
294,2011-10-21,4.0,0,10,5,1.0,1.0,17.1,86.12505,0.221396,918.0,0.0,676.0,3628.0,4304.0
364,2011-12-30,4.0,0,12,5,1.0,1.0,12.4667,95.50005,0.1343369999999999,918.0,0.0,491.0,2508.0,2999.0
289,2011-10-16,4.0,0,10,0,0.0,1.0,20.4667,73.00005,0.281717,576.0,1.0,1748.0,3293.0,5041.0
111,2011-04-21,2.0,0,4,4,1.0,1.0,18.3667,61.06245,0.325258,995.0,0.0,745.0,3444.0,4189.0
671,2012-11-01,4.0,1,11,4,1.0,2.0,14.6333,87.25005,0.157346,746.0,1.0,466.0,5520.0,5986.0
382,2012-01-17,1.0,1,1,2,1.0,2.0,14.9217,107.41305,0.34913,786.0,0.0,127.0,2808.0,2935.0
558,2012-07-11,3.0,1,7,3,1.0,1.0,28.6667,94.99995,0.1517329999999999,707.0,0.0,10975.0,6289.0,17264.0
539,2012-06-22,2.0,1,6,5,1.0,1.0,31.1,86.0625,0.182842,885.0,0.0,964.0,4859.0,5823.0
329,2011-11-25,4.0,0,11,5,1.0,1.0,15.0,96.5625,0.0988958,931.0,0.0,1095.0,1697.0,2792.0
403,2012-02-07,1.0,1,2,2,1.0,1.0,14.1667,74.4375,0.147379,821.0,0.0,199.0,4176.0,4375.0
138,2011-05-18,2.0,0,5,3,1.0,2.0,22.0,109.3109709375,0.201492,832.0,0.0,536.0,3319.0,3855.0
297,2011-10-24,4.0,0,10,1,1.0,1.0,18.5333,115.81245,0.118792,645.0,0.0,699.0,3488.0,4187.0
28,2011-01-28,1.0,0,1,5,1.0,2.0,8.1391,118.95645,0.1233,854.0,0.0,38.0,1129.0,1167.0
667,2012-10-28,4.0,1,10,0,0.0,2.0,19.1,104.18745,0.398008,822.0,0.0,998.0,3461.0,4459.0
122,2011-05-02,2.0,0,5,1,1.0,2.0,21.9667,109.3109709375,0.183454,504.0,0.0,847.0,3554.0,4401.0
37,2011-02-06,1.0,0,2,0,0.0,1.0,11.4333,85.24995,0.1418,565.0,0.0,354.0,1269.0,1623.0
292,2011-10-19,4.0,0,10,3,1.0,3.0,21.6696,134.28255,0.243339,502.0,0.0,254.0,2170.0,2424.0
535,2012-06-18,2.0,1,6,1,1.0,2.0,22.7333,116.68755,0.174746,711.0,0.0,653.0,4446.0,5099.0
468,2012-04-12,2.0,1,4,4,1.0,1.0,15.9,69.9375,0.290429,765.0,0.0,663.0,4746.0,5409.0
164,2011-06-13,2.0,0,6,1,1.0,1.0,25.4,74.18745,0.30535,706.0,0.0,863.0,4157.0,5020.0
96,2011-04-06,2.0,0,4,3,1.0,1.0,15.6333,70.62495,0.263063,789.0,0.0,413.0,2395.0,2808.0
482,2012-04-26,2.0,1,4,4,1.0,2.0,19.9333,109.3109709375,0.176625,946.0,0.0,475.0,4551.0,5026.0
205,2011-07-24,3.0,0,7,0,0.0,1.0,33.2,82.62495,0.169171,561.0,0.0,11050.0,2556.0,13606.0
174,2011-06-23,2.0,0,6,4,1.0,2.0,29.1333,105.49995,0.238804,925.0,0.0,746.0,4044.0,4790.0
589,2012-08-11,3.0,1,8,6,0.0,2.0,27.7,109.93755,0.206479,538.0,0.0,2247.0,4052.0,6299.0
230,2011-08-18,3.0,0,8,4,1.0,1.0,28.4667,98.18745,0.233208,846.0,0.0,639.0,3166.0,3805.0
649,2012-10-10,4.0,1,10,3,1.0,1.0,20.5667,94.62495,0.187821,634.0,1.0,780.0,6911.0,7691.0
265,2011-09-22,3.0,0,9,4,1.0,2.0,25.1333,135.31245,0.128125,919.0,0.0,555.0,4240.0,4795.0
79,2011-03-20,1.0,0,3,0,0.0,1.0,13.3,71.0625,0.207721,870.0,0.0,1047.0,1424.0,2471.0
434,2012-03-09,1.0,1,3,5,1.0,2.0,16.4333,61.06245,0.4148,576.0,0.0,447.0,4122.0,4569.0
393,2012-01-28,1.0,1,1,6,0.0,1.0,12.6333,81.49995,0.210829,479.0,0.0,775.0,3248.0,4023.0
143,2011-05-23,2.0,0,5,1,1.0,2.0,25.2667,121.5,0.233842,545.0,0.0,836.0,3438.0,4274.0
543,2012-06-26,2.0,1,6,2,1.0,1.0,25.2333,55.99995,0.347642,683.0,0.0,1077.0,6365.0,7442.0
26,2011-01-26,1.0,0,1,3,1.0,3.0,8.7,129.375,0.29385,602.0,0.0,34.0,472.0,506.0
112,2011-04-22,2.0,0,4,5,1.0,2.0,13.4667,109.43745,0.219521,540.0,1.0,177.0,1506.0,1683.0
41,2011-02-10,1.0,0,2,4,1.0,1.0,5.7739,65.60865,0.221935,840.0,0.0,47.0,1491.0,1538.0
719,2012-12-19,4.0,1,12,3,1.0,1.0,13.3,93.81255,0.184092,951.0,0.0,333.0,4934.0,5267.0
429,2012-03-04,1.0,1,3,0,0.0,1.0,13.0333,60.49995,0.334571,569.0,0.0,710.0,2713.0,3423.0
600,2012-08-22,3.0,1,8,3,1.0,1.0,26.7,101.56245,0.0702833,553.0,0.0,1094.0,6281.0,7375.0
663,2012-10-24,4.0,1,10,3,1.0,1.0,23.5,95.4375,0.0727791999999999,707.0,0.0,795.0,6898.0,7693.0
463,2012-04-07,2.0,1,4,6,0.0,1.0,17.5,38.12505,0.274871,875.0,0.0,3252.0,3605.0,6857.0
104,2011-04-14,2.0,0,4,4,1.0,1.0,18.7,81.06255,0.1107,726.0,0.0,529.0,2738.0,3267.0
395,2012-01-30,1.0,1,1,1,1.0,1.0,10.7667,60.12495,0.215792,470.0,0.0,126.0,3498.0,3624.0
226,2011-08-14,3.0,0,8,0,0.0,2.0,27.0667,122.625,0.222633,959.0,0.0,1338.0,2482.0,3820.0
309,2011-11-05,4.0,0,11,6,0.0,1.0,13.0667,77.87505,0.1890619999999999,563.0,0.0,1156.0,2770.0,3926.0
256,2011-09-13,3.0,0,9,2,1.0,1.0,26.0333,106.875,0.1418039999999999,652.0,1.0,701.0,4062.0,4763.0
679,2012-11-09,4.0,1,11,5,1.0,1.0,14.4667,81.12495,0.214558,738.0,0.0,709.0,5283.0,5992.0
647,2012-10-08,4.0,1,10,1,0.0,2.0,15.3333,106.43745,0.189679,925.0,0.0,874.0,4604.0,5478.0
423,2012-02-27,1.0,1,2,1,1.0,1.0,14.6667,73.62495,0.2680329999999999,490.0,0.0,253.0,4069.0,4322.0
622,2012-09-13,3.0,1,9,4,1.0,1.0,24.5,95.56245,0.0827208,702.0,0.0,1054.0,6750.0,7804.0
662,2012-10-23,4.0,1,10,2,1.0,1.0,21.7667,84.1551970890411,0.0945458,601.0,0.0,841.0,6625.0,7466.0
629,2012-09-20,3.0,1,9,4,1.0,1.0,21.8667,92.74995,0.118167,990.0,1.0,939.0,6781.0,7720.0
707,2012-12-07,4.0,1,12,5,1.0,2.0,12.8333,114.62505,0.1306,708.0,0.0,349.0,4659.0,5008.0
601,2012-08-23,3.0,1,8,4,1.0,1.0,27.8333,95.37495,0.0845958,665.0,0.0,1363.0,6402.0,7765.0
486,2012-04-30,2.0,1,4,1,1.0,2.0,18.5667,85.5,0.171638,628.0,0.0,665.0,4907.0,5572.0
140,2011-05-20,2.0,0,5,5,1.0,1.0,21.4667,107.93745,0.125013,528.0,0.0,909.0,4008.0,4917.0
187,2011-07-06,3.0,0,7,3,1.0,1.0,28.8,111.49995,0.149883,780.0,0.0,10784.0,3845.0,14629.0
330,2011-11-26,4.0,0,11,6,0.0,1.0,15.0333,102.25005,0.0684208,602.0,0.0,1249.0,1819.0,3068.0
249,2011-09-06,3.0,0,9,2,1.0,3.0,21.6,133.04355,0.343943,763.0,0.0,204.0,2506.0,2710.0
98,2011-04-08,2.0,0,4,5,1.0,2.0,13.4333,125.4375,0.226992,907.0,0.0,172.0,1299.0,1471.0
584,2012-08-06,3.0,1,8,1,1.0,2.0,30.1,98.12505,0.129354,861.0,1.0,1233.0,5780.0,7013.0
115,2011-04-25,2.0,0,4,1,1.0,1.0,24.2667,116.50005,0.185333,757.0,0.0,773.0,3300.0,4073.0
288,2011-10-15,4.0,0,10,6,0.0,1.0,20.2667,72.49995,0.258083,1021.0,1.0,1899.0,3318.0,5217.0
